{
    "sun": {
        "mass": 330000.0,
        "radius": 75.0,
        "pos": {
            "x": 512.0,
            "y": 384.0
        },
        "vel": {
            "x": 0.0,
            "y": 0.0
        }
    },
    "earth": {
        "mass": 1.0,
        "radius": 5.0,
        "pos": {
            "x": 512.0,
            "y": 584.0
        },
        "vel": {
            "x": 0.00035,
            "y": 0.0
        }
    },
    "grav_coefficent": 0.0000000000667,
    "timescale": 5000.0,
    "time": 0.0
}